[{"home":["thb_sharedimages_widget-2","text-7"],"blog":["search-2","recent-posts-2","recent-comments-2","archives-2","categories-2","meta-2"],"single":["text-5"],"single-ajax":["text-6","thb_sharedimages_widget-3"],"category":["text-4"],"footer1":["text-3"],"footer2":["text-2"],"footer3":["thb_latestimages_widget-2"],"footer4":["thb_featuredvideo_widget-2"]},{"thb_sharedimages_widget":{"2":{"title":"Most Shared","show":"3","style":"style2"},"3":{"title":"Most Shared","show":"3","style":"style1"},"_multiwidget":1},"text":{"7":{"title":"","text":"<img src=\"http:\/\/thevoux.fuelthemes.net\/travel-demo\/wp-content\/uploads\/sites\/3\/2016\/03\/thb_travel2x.jpg\" title=\"Food Demo Ad\" \/>","filter":false},"5":{"title":"","text":"<img src=\"http:\/\/thevoux.fuelthemes.net\/travel-demo\/wp-content\/uploads\/sites\/3\/2016\/03\/thb_travel6x.jpg\" title=\"Food Demo Ad\" \/>","filter":false},"6":{"title":"","text":"<img src=\"http:\/\/thevoux.fuelthemes.net\/travel-demo\/wp-content\/uploads\/sites\/3\/2016\/03\/thb_travel3x.jpg\" title=\"Food Demo Ad\" \/>","filter":false},"4":{"title":"","text":"<img src=\"http:\/\/thevoux.fuelthemes.net\/travel-demo\/wp-content\/uploads\/sites\/3\/2016\/03\/thb_travel6x.jpg\" title=\"Food Demo Ad\" \/>","filter":false},"3":{"title":"","text":"<img src=\"http:\/\/3hywdj13z8cdwz0r92br9l51.wpengine.netdna-cdn.com\/travel-demo\/wp-content\/uploads\/sites\/3\/2016\/02\/travel_logo.png\" alt=\"Adventure Love\" style=\"height:40px;\" \/>","filter":false},"2":{"title":"ABOUT","text":"It was curious and not unpleasing, how Peleg and Bildad were affected at this juncture, especially Captain Bildad. For loath to depart, yet; very loath to leave, for good, a ship bound on so long and perilous a voyage.","filter":true},"_multiwidget":1},"search":{"2":{"title":""},"_multiwidget":1},"recent-posts":{"2":{"title":"","number":5},"_multiwidget":1},"recent-comments":{"2":{"title":"","number":5},"_multiwidget":1},"archives":{"2":{"title":"","count":0,"dropdown":0},"_multiwidget":1},"categories":{"2":{"title":"","count":0,"hierarchical":0,"dropdown":0},"_multiwidget":1},"meta":{"2":{"title":""},"_multiwidget":1},"thb_latestimages_widget":{"2":{"title":"Latest Posts","show":"3"},"_multiwidget":1},"thb_featuredvideo_widget":{"2":{"title":"Featured Video","video_title":"","embed":"https:\/\/vimeo.com\/27246366"},"_multiwidget":1}}]