[{"wp_inactive_widgets":["text-5","text-7","pinterest-3"],"blog":["tag_cloud-2"],"single":["text-8"],"single-ajax":["text-9"],"author":["thb_latestimages_widget-2"],"archive":["text-11"],"category":["text-12"],"footer1":["nav_menu-2"],"footer2":["text-2"],"footer3":["text-3"],"home_1":["thb_sharedimages_widget-2","thb_socialcounter_widget-2","thb_categoryslider_widget-2"],"home_2":["thb_latestlist_widget-2"],"home_4":["thb_featuredvideo_widget-2","thb_flickr_widget-2"],"home_5":["text-10","thb_subscribe_widget-2"]},{"tag_cloud":{"2":{"title":"Tag Cloud","taxonomy":"post_tag"},"_multiwidget":1},"text":{"8":{"title":"","text":"<a href=\"http:\/\/themeforest.net\/?ref=fuelthemes\" target=\"_blank\" style=\"text-align: center;display:block;\"><img src=\"http:\/\/thevoux.fuelthemes.net\/wp-content\/uploads\/2015\/05\/news_detail_banner.jpg\" style=\"display: inline-block\" \/><\/a>","filter":false},"9":{"title":"","text":"<a href=\"http:\/\/themeforest.net\/item\/notio-deluxe-portfolio-theme\/10049784?ref=fuelthemes\" target=\"_blank\" style=\"text-align: center;display:block;\"><img src=\"http:\/\/thevoux.fuelthemes.net\/wp-content\/uploads\/2015\/05\/notio-banner-300.jpg\" style=\"display: inline-block\"  \/><\/a>","filter":false},"11":{"title":"","text":"<a href=\"http:\/\/themeforest.net\/item\/credenza-vc-powered-one-page-theme\/10672956?ref=fuelthemes\" target=\"_blank\" style=\"text-align: center;display:block;\"><img src=\"http:\/\/thevoux.fuelthemes.net\/wp-content\/uploads\/2015\/05\/credenza-banner-300-300x250.jpg\" style=\"display: inline-block\"  \/><\/a>","filter":false},"12":{"title":"","text":"<a href=\"http:\/\/themeforest.net\/?ref=fuelthemes\" target=\"_blank\" style=\"text-align: center;display:block;\"><img src=\"http:\/\/thevoux.fuelthemes.net\/wp-content\/uploads\/2015\/05\/news_detail_banner.jpg\" style=\"display: inline-block\" \/><\/a>","filter":false},"2":{"title":"","text":"<p>&nbsp;<\/p>\r\n<img src=\"http:\/\/thevoux.fuelthemes.net\/wp-content\/uploads\/2015\/04\/footer_logo_retina.png\" height=\"26\" width=\"89\" style=\"display: block; margin: 0 auto 20px;\" \/>\r\n<p class=\"text-center\" style=\"font-size:13px; color: #767676;\"\">Lorem ipsum dolor sit amet, consectetur a dipiscing elit. Vivamus leo ante,<\/p>\r\n\r\n<small>FOLLOW US ON<\/small>\r\n[icon type=\"fa-facebook\" size=\"icon-3x\" url=\"https:\/\/www.facebook.com\/FuelThemes\" box=\"true\"] [icon type=\"fa-twitter\" size=\"icon-3x\" url=\"#\" box=\"true\"] [icon type=\"fa-pinterest\" size=\"icon-3x\" url=\"#\" box=\"true\"] [icon type=\"fa-google-plus\" size=\"icon-3x\" url=\"#\" box=\"true\"] [icon type=\"fa-linkedin\" size=\"icon-3x\" url=\"#\" box=\"true\"]","filter":true},"3":{"title":"","text":"<a href=\"http:\/\/themeforest.net\/item\/north-unique-ecommerce-theme-\/9117256?ref=fuelthemes\" target=\"_blank\"><img src=\"http:\/\/thevoux.fuelthemes.net\/wp-content\/uploads\/2015\/05\/north-banner-300.jpg\" \/><\/a>","filter":false},"10":{"title":"","text":"<a href=\"http:\/\/themeforest.net\/item\/credenza-vc-powered-one-page-theme\/10672956?ref=fuelthemes\" target=\"_blank\" style=\"text-align: center;display:block;\"><img src=\"http:\/\/thevoux.fuelthemes.net\/wp-content\/uploads\/2015\/05\/credenza-banner-300-300x250.jpg\" style=\"display: inline-block\"  \/><\/a>","filter":false},"5":{"title":"","text":"<a href=\"http:\/\/themeforest.net\/item\/credenza-vc-powered-one-page-theme\/10672956?ref=fuelthemes\" target=\"_blank\"><img src=\"http:\/\/thevoux.fuelthemes.net\/wp-content\/uploads\/2015\/05\/credenza-banner-300.jpg\" \/><\/a>","filter":false},"7":{"title":"","text":"<a href=\"http:\/\/themeforest.net\/item\/north-unique-ecommerce-theme-\/9117256?ref=fuelthemes\" target=\"_blank\"><img src=\"http:\/\/thevoux.fuelthemes.net\/wp-content\/uploads\/2015\/05\/north-banner-600.jpg\" \/><\/a>","filter":false},"_multiwidget":1},"thb_latestimages_widget":{"2":{"title":"Latest Posts","show":"3"},"_multiwidget":1},"nav_menu":{"2":{"nav_menu":29},"_multiwidget":1},"thb_sharedimages_widget":{"2":{"title":"Most Shared","show":"4"},"_multiwidget":1},"thb_socialcounter_widget":{"2":{"Twitter":"on","Facebook":"on","Instagram":"on","Google":"on"},"_multiwidget":1},"thb_categoryslider_widget":{"2":{"title":"Category","show":"3","category":"6"},"_multiwidget":1},"thb_latestlist_widget":{"2":{"title":"Latest Posts","show":"6"},"_multiwidget":1},"thb_featuredvideo_widget":{"2":{"title":"Featured Video","video_title":"","embed":"https:\/\/vimeo.com\/124646944"},"_multiwidget":1},"thb_flickr_widget":{"2":{"title":"Flickr","show":"9","account":"eyetwist"},"_multiwidget":1},"thb_subscribe_widget":{"2":{"title":"Mailing List","desc":"Subscribe today to get exclusive offers"},"_multiwidget":1},"pinterest":{"3":{"title":"Recent pins","username":"pinterest","rows":"3","cols":"3","new_window":1},"_multiwidget":1}}]