[{"home_1":["text-3","thb_sharedimages_widget-2","pinterest-2"],"home_2":["text-4"],"blog":["search-2","recent-posts-2","recent-comments-2","archives-2","categories-2","meta-2"],"single":["text-5"],"single-ajax":["text-7","thb_sharedimages_widget-3"],"author":["text-9"],"category":["text-8"],"footer1":["nav_menu-2"],"footer2":["text-10"],"footer3":["text-2"]},{"text":{"3":{"title":"","text":"<img src=\"http:\/\/thevoux.fuelthemes.net\/food-demo\/wp-content\/uploads\/sites\/2\/2016\/01\/food_adv11.jpg\" title=\"Food Demo Ad\" \/>","filter":false},"4":{"title":"","text":"<img src=\"http:\/\/thevoux.fuelthemes.net\/food-demo\/wp-content\/uploads\/sites\/2\/2016\/01\/food_adv2.jpg\" title=\"Food Demo Ad\" \/>","filter":false},"5":{"title":"","text":"<img src=\"http:\/\/thevoux.fuelthemes.net\/food-demo\/wp-content\/uploads\/sites\/2\/2016\/01\/food_600.jpg\" title=\"Food Demo Ad\" \/>","filter":false},"7":{"title":"","text":"<img src=\"http:\/\/thevoux.fuelthemes.net\/food-demo\/wp-content\/uploads\/sites\/2\/2016\/01\/food_300.jpg\" title=\"Food Demo Ad\" \/>","filter":false},"9":{"title":"","text":"<img src=\"http:\/\/thevoux.fuelthemes.net\/food-demo\/wp-content\/uploads\/sites\/2\/2016\/01\/food_600.jpg\" title=\"Food Demo Ad\" \/>","filter":false},"8":{"title":"","text":"<img src=\"http:\/\/thevoux.fuelthemes.net\/food-demo\/wp-content\/uploads\/sites\/2\/2016\/01\/food_600.jpg\" title=\"Food Demo Ad\" \/>","filter":false},"10":{"title":"","text":"<p>&nbsp;<\/p>\r\n<img src=\"http:\/\/thevoux.fuelthemes.net\/food-demo\/wp-content\/uploads\/sites\/2\/2016\/02\/footer_logo.png\" width=\"145\" style=\"display: block; margin: 0 auto 20px;\" \/>\r\n<p class=\"text-center\" style=\"font-size:13px; color: #767676;\"\">Lorem ipsum dolor sit amet, consectetur a dipiscing elit. Vivamus leo ante,<\/p>\r\n\r\n<small>FOLLOW US ON<\/small>\r\n[icon type=\"fa-facebook\" size=\"icon-3x\" url=\"https:\/\/www.facebook.com\/FuelThemes\" box=\"true\"] [icon type=\"fa-twitter\" size=\"icon-3x\" url=\"#\" box=\"true\"] [icon type=\"fa-pinterest\" size=\"icon-3x\" url=\"#\" box=\"true\"] [icon type=\"fa-google-plus\" size=\"icon-3x\" url=\"#\" box=\"true\"] [icon type=\"fa-linkedin\" size=\"icon-3x\" url=\"#\" box=\"true\"]","filter":true},"2":{"title":"","text":"<img src=\"http:\/\/thevoux.fuelthemes.net\/food-demo\/wp-content\/uploads\/sites\/2\/2016\/01\/food_300.jpg\" title=\"Food Demo Ad\" \/>","filter":false},"_multiwidget":1},"thb_sharedimages_widget":{"2":{"title":"Most Shared","show":"5"},"3":{"title":"Most Shared","show":"5"},"_multiwidget":1},"pinterest":{"2":{"title":"Recent pins","username":"pinterest","rows":"2","cols":"3","new_window":1,"count":"12"},"_multiwidget":1},"search":{"2":{"title":""},"_multiwidget":1},"recent-posts":{"2":{"title":"","number":5},"_multiwidget":1},"recent-comments":{"2":{"title":"","number":5},"_multiwidget":1},"archives":{"2":{"title":"","count":0,"dropdown":0},"_multiwidget":1},"categories":{"2":{"title":"","count":0,"hierarchical":0,"dropdown":0},"_multiwidget":1},"meta":{"2":{"title":""},"_multiwidget":1},"nav_menu":{"2":{"nav_menu":27},"_multiwidget":1}}]